Ahmed	e	tanzir@tamu.edu
Ahmed	p	979-845-4908
Amato	e	amato@tamu.edu
Amato	p	979-862-2275
Amato	p	979-458-0722
Andersen	e	flemminglandersen@tamu.edu
Andersen	p	979-845-3510
Bettati	e	bettati@cs.tamu.edu
Bettati	p	979-845-5469
Chai	e	jchai@cs.tamu.edu
Chai	p	979-845-3510
Chaspari	e	chaspari@usc.edu
Chaspari	p	213-740-3477
Choe	e	choe@tamu.edu
Choe	p	979-845-5466
DaSilva	e	dilma@cse.tamu.edu
Daugherity	e	daugher@neo.tamu.edu
Daugherity	p	979-845-1308
Davis	e	Davis@tamu.edu
Davis	p	979-845-4094
deWitte	e	paula.dewitte@tamu.edu
Furuta	e	furuta@cs.tamu.edu
Furuta	p	979-845-3839
Gooch	e	gooch@cse.tamu.edu
Gooch	p	979-845-5534
Gu	e	guofei@cse.tamu.edu
Gu	e	ccs17tutorials@gmail.com
Gu	p	979-845-2475
Gutierrez-Osuna	e	rgutier@cse.tamu.edu
Gutierrez-Osuna	p	979-845-2942
Hammond	e	hammond@tamu.edu
Hammond	p	979-353-0899
Hu	e	hu@cse.tamu.edu
Hu	e	xiahu@tamu.edu
Hu	p	979-845-8873
Ioerger	e	ioerger@cs.tamu.edu
Ioerger	p	979-845-0161
Jafari	e	rjafari@tamu.edu
Jafari	e	lmcdow@tamu.edu
Jafari	e	jjackson@tamus.edu
Jafari	p	979-862-8098
Jafari	p	979-458-9808
Jafari	p	979-862-4413
JHuang	e	jeff@cse.tamu.edu
JHuang	e	jeffhuang@tamu.edu
JHuang	p	979-845-5485
JHuang	p	979-458-0722
Jimenez	e	djimenez@cs.tamu.edu
Jimenez	p	979-845-2434
Juan	e	garay@cse.tamu.edu
Juan	p	979-845-4359
Kim	e	ejkim@cs.tamu.edu
Kim	p	979-845-3660
Klappenecker	e	klappi@cse.tamu.edu
Klappenecker	p	979-458-0608
Lee	e	hlee@cse.tamu.edu
Lee	p	979-845-2490